<?xml version="1.0" encoding="UTF-8"?>
<beans xmlns="http://www.springframework.org/schema/beans"
	xmlns:xsi="http://www.w3.org/2001/XMLSchema-instance"
	xmlns:p="http://www.springframework.org/schema/p"
	xmlns:aop="http://www.springframework.org/schema/aop"
	xmlns:tx="http://www.springframework.org/schema/tx"
	xmlns:context="http://www.springframework.org/schema/context"
	xmlns:mvc="http://www.springframework.org/schema/mvc"
	xsi:schemaLocation="http://www.springframework.org/schema/beans
	http://www.springframework.org/schema/beans/spring-beans-3.0.xsd
	http://www.springframework.org/schema/aop
	http://www.springframework.org/schema/aop/spring-aop-3.0.xsd
	http://www.springframework.org/schema/tx
	http://www.springframework.org/schema/tx/spring-tx-3.0.xsd
	http://www.springframework.org/schema/context
	http://www.springframework.org/schema/context/spring-context-3.0.xsd
	http://www.springframework.org/schema/mvc
	http://www.springframework.org/schema/mvc/spring-mvc-3.0.xsd">
	
	<!-- 启用spring mvc 注解 -->
	<context:annotation-config />
	
	<!-- 启用json注解 -->
	<mvc:annotation-driven/>
	
	<!-- 设置使用注解的类所在的包 -->
	<context:component-scan base-package="com.hqyj.controller"></context:component-scan>
	
	<!-- 完成请求和注解POJO的映射 -->
	<bean class="org.springframework.web.servlet.mvc.annotation.AnnotationMethodHandlerAdapter" />
	
	<!-- 对转向页面的路径解析。prefix：前缀， suffix：后缀 -->
	<bean class="org.springframework.web.servlet.view.InternalResourceViewResolver"
		p:prefix="/" p:suffix=".jsp" />
	
	<!-- 配置MultipartResolver，用于上传文件，使用spring的CommonsMultipartResolver -->  
    <bean id="multipartResolver" class="org.springframework.web.multipart.commons.CommonsMultipartResolver">
   		 <property name="maxUploadSize" value="5000000"/>
   		 <property name="defaultEncoding" value="UTF-8"/>
    </bean>
    
	<!-- 对静态资源文件的访问-->  
	<mvc:resources location="/css/" mapping="/css/**" cache-period="31556926"/>
	<mvc:resources location="/images/" mapping="/images/**" cache-period="31556926"/>
	<mvc:resources location="/js/" mapping="/js/**" cache-period="31556926"/>
	<mvc:resources location="/login/" mapping="/login/**" cache-period="31556926"/>
	<mvc:resources location="/" mapping="/**/*.html" cache-period="31556926"/>
	<mvc:resources location="/" mapping="/**/*.htm" cache-period="31556926"/>
	
</beans>
