<?xml version="1.0" encoding="UTF-8"?>
<beans xmlns="http://www.springframework.org/schema/beans"
	xmlns:xsi="http://www.w3.org/2001/XMLSchema-instance"
	xmlns:aop="http://www.springframework.org/schema/aop"
	xmlns:tx="http://www.springframework.org/schema/tx"
	xmlns:context="http://www.springframework.org/schema/context"
	xmlns:cache="http://www.springframework.org/schema/cache"
	xmlns:p="http://www.springframework.org/schema/p"
	xsi:schemaLocation="
	http://www.springframework.org/schema/beans
	http://www.springframework.org/schema/beans/spring-beans-3.0.xsd
	http://www.springframework.org/schema/tx
	http://www.springframework.org/schema/tx/spring-tx-3.0.xsd
	http://www.springframework.org/schema/aop
	http://www.springframework.org/schema/aop/spring-aop-3.0.xsd
	http://www.springframework.org/schema/context
	http://www.springframework.org/schema/context/spring-context-3.0.xsd
	http://www.springframework.org/schema/cache
	http://www.springframework.org/schema/cache/spring-cache-4.0.xsd">
	
	<!-- 1、配置数据源 -->
	<bean id="dataSource"
		class="org.apache.commons.dbcp.BasicDataSource">
		<property name="driverClassName"
			value="com.mysql.cj.jdbc.Driver">
		</property>
		<property name="url"
			value="jdbc:mysql://localhost:3306/smarthome?useSSL=false&amp;useUnicode=true&amp;characterEncoding=UTF8&amp;serverTimezone=GMT">
		</property>
		<property name="username" value="root"></property>
		<property name="password" value="921339"></property>
	</bean>
	
	<!-- 2、配置mybitasSqlSessionFactoryBean -->
	<bean id="sqlSessionFactory" class="com.baomidou.mybatisplus.extension.spring.MybatisSqlSessionFactoryBean">
		<property name="dataSource" ref="dataSource" />
		<property name="typeAliasesPackage" value="com.hqyj.pojo"></property>
		<property name="plugins">
			<list>
				<bean class="com.baomidou.mybatisplus.extension.plugins.PaginationInterceptor"/>
			</list>
		</property>
	</bean>
	
	<!-- 3、配置数据库事务 -->
	<!-- a、事务管理器 -->
	<bean id="transactionManager" class="org.springframework.jdbc.datasource.DataSourceTransactionManager">
		<property name="dataSource" ref="dataSource" />
	</bean>
	<!-- b、配置事务驱动 -->
	<tx:annotation-driven transaction-manager="transactionManager"/>
	<!-- c、配置service组件扫描 -->
	<context:component-scan base-package="com.hqyj.service.impl"></context:component-scan>
	
	<!-- 配置mybatis接口 -->
	<bean class="org.mybatis.spring.mapper.MapperScannerConfigurer">  
		<property name="basePackage" value="com.hqyj.mapper"></property>  
	</bean> 
</beans>

